id,name_ja,icao,iata,category,prefecture,lat,lon,size_class,radius_m,rare,scheduled_service,game_target,name_en,note
1,成田国際空港,RJAA,NRT,拠点空港（会社管理）,千葉県,35.76858,140.388714,大規模,2000,False,True,True,Narita International Airport,
2,中部国際空港,RJGG,NGO,拠点空港（会社管理）,愛知県,34.858398,136.804993,大規模,2000,False,True,True,Chubu Centrair International Airport,
3,関西国際空港,RJBB,KIX,拠点空港（会社管理）,大阪府,34.427299,135.244003,大規模,2000,False,True,True,Kansai International Airport,
4,大阪国際空港（伊丹）,RJOO,ITM,拠点空港（会社管理）,大阪府,34.780853,135.440829,大規模,2000,False,True,True,Osaka Itami International Airport,
5,東京国際空港（羽田）,RJTT,HND,拠点空港（国管理）,東京都,35.549678,139.786958,大規模,2000,False,True,True,Tokyo Haneda International Airport,
6,新千歳空港,RJCC,CTS,拠点空港（国管理）,北海道,42.774753,141.690414,大規模,2000,False,True,True,New Chitose Airport,
7,稚内空港,RJCW,WKJ,拠点空港（国管理）,北海道,45.404202,141.800995,中規模,1500,False,True,True,Wakkanai Airport,
8,釧路空港,RJCK,KUH,拠点空港（国管理）,北海道,43.041,144.192993,中規模,1500,False,True,True,Kushiro Airport,
9,函館空港,RJCH,HKD,拠点空港（国管理）,北海道,41.77,140.822006,大規模,2000,False,True,True,Hakodate Airport,
10,仙台空港,RJSS,SDJ,拠点空港（国管理）,宮城県,38.139702,140.917007,大規模,2000,False,True,True,Sendai Airport,
11,新潟空港,RJSN,KIJ,拠点空港（国管理）,新潟県,37.954166,139.112189,大規模,2000,False,True,True,Niigata Airport,
12,広島空港,RJOA,HIJ,拠点空港（国管理）,広島県,34.4361,132.919006,大規模,2000,False,True,True,Hiroshima Airport,
13,高松空港,RJOT,TAK,拠点空港（国管理）,香川県,34.214963,134.015454,大規模,2000,False,True,True,Takamatsu Airport,
14,松山空港,RJOM,MYJ,拠点空港（国管理）,愛媛県,33.826893,132.700114,大規模,2000,False,True,True,Matsuyama Airport,
15,高知空港,RJOK,KCZ,拠点空港（国管理）,高知県,33.545217,133.670166,大規模,2000,False,True,True,Kochi Ryoma Airport,
16,福岡空港,RJFF,FUK,拠点空港（国管理）,福岡県,33.585899,130.451004,大規模,2000,False,True,True,Fukuoka Airport,
17,北九州空港,RJFR,KKJ,拠点空港（国管理）,福岡県,33.845901,131.035004,大規模,2000,False,True,True,Kitakyushu Airport,
18,長崎空港,RJFU,NGS,拠点空港（国管理）,長崎県,32.916901,129.914001,大規模,2000,False,True,True,Nagasaki Airport,
19,熊本空港,RJFT,KMJ,拠点空港（国管理）,熊本県,32.837299,130.854996,大規模,2000,False,True,True,Kumamoto Airport,
20,大分空港,RJFO,OIT,拠点空港（国管理）,大分県,33.479401,131.737,中規模,1500,False,True,True,Oita Airport,
21,宮崎空港,RJFM,KMI,拠点空港（国管理）,宮崎県,31.877199,131.449005,大規模,2000,False,True,True,Miyazaki Airport,
22,鹿児島空港,RJFK,KOJ,拠点空港（国管理）,鹿児島県,31.8034,130.718994,大規模,2000,False,True,True,Kagoshima Airport,
23,那覇空港,ROAH,OKA,拠点空港（国管理）,沖縄県,26.192437,127.639804,大規模,2000,False,True,True,Naha International Airport,
24,旭川空港,RJEC,AKJ,拠点空港（特定地方管理）,北海道,43.670799,142.447006,中規模,1500,False,True,True,Asahikawa Airport,
25,帯広空港,RJCB,OBO,拠点空港（特定地方管理）,北海道,42.733299,143.216995,中規模,1500,False,True,True,Tokachi-Obihiro Airport,
26,秋田空港,RJSK,AXT,拠点空港（特定地方管理）,秋田県,39.615601,140.218994,中規模,1500,False,True,True,Akita Airport,
27,山形空港,RJSC,GAJ,拠点空港（特定地方管理）,山形県,38.4119,140.371002,中規模,1500,False,True,True,Yamagata Airport,
28,山口宇部空港,RJDC,UBJ,拠点空港（特定地方管理）,山口県,33.93,131.279007,中規模,1500,False,True,True,Yamaguchi Ube Airport,
29,利尻空港,RJER,RIS,地方管理空港,北海道,45.242001,141.186005,離島,1000,True,True,True,Rishiri Airport,
30,礼文空港,RJCR,RBJ,地方管理空港,北海道,45.455002,141.039001,離島,1000,True,False,False,Rebun Airport,供用休止中（東京航空局）
31,奥尻空港,RJEO,OIR,地方管理空港,北海道,42.071701,139.432999,離島,1000,True,True,True,Okushiri Airport,
32,中標津空港,RJCN,SHB,地方管理空港,北海道,43.577499,144.960007,中規模,1500,False,True,True,Nakashibetsu Airport,
33,紋別空港,RJEB,MBE,地方管理空港,北海道,44.303902,143.404007,中規模,1500,False,True,True,Monbetsu Airport,
34,女満別空港,RJCM,MMB,地方管理空港,北海道,43.8806,144.164001,中規模,1500,False,True,True,Memanbetsu Airport,
35,青森空港,RJSA,AOJ,地方管理空港,青森県,40.733777,140.689477,大規模,2000,False,True,True,Aomori Airport,
36,花巻空港,RJSI,HNA,地方管理空港,岩手県,39.4286,141.134995,中規模,1500,False,True,True,Iwate Hanamaki Airport,
37,大館能代空港,RJSR,ONJ,地方管理空港,秋田県,40.191898,140.371002,中規模,1500,False,True,True,Odate Noshiro Airport,
38,庄内空港,RJSY,SYO,地方管理空港,山形県,38.812199,139.787003,中規模,1500,False,True,True,Shonai Airport,
39,福島空港,RJSF,FKS,地方管理空港,福島県,37.227402,140.431,中規模,1500,False,True,True,Fukushima Airport,
40,大島空港,RJTO,OIM,地方管理空港,東京都,34.782001,139.360001,離島,1000,True,True,True,Oshima Airport,
41,新島空港,RJAN,,地方管理空港,東京都,34.3694,139.268997,離島,1000,True,True,True,Niijima Airport,
42,神津島空港,RJAZ,,地方管理空港,東京都,34.189999,139.134003,離島,1000,True,True,True,Kozushima Airport,OurAirportsの定期便フラグを修正
43,三宅島空港,RJTQ,MYE,地方管理空港,東京都,34.073601,139.559998,離島,1000,True,True,True,Miyakejima Airport,
44,八丈島空港,RJTH,HAC,地方管理空港,東京都,33.114843,139.785645,離島,1000,True,True,True,Hachijojima Airport,
45,佐渡空港,RJSD,SDS,地方管理空港,新潟県,38.0602,138.414001,離島,1000,True,True,True,Sado Airport,定期便の有無を要確認
46,富山空港,RJNT,TOY,地方管理空港,富山県,36.648416,137.187359,中規模,1500,False,True,True,Toyama Kitokito Airport,
47,能登空港,RJNW,NTQ,地方管理空港,石川県,37.293098,136.962006,中規模,1500,False,True,True,Noto Satoyama Airport,
48,福井空港,RJNF,FKJ,地方管理空港,福井県,36.142799,136.223999,中規模,1500,False,False,False,Fukui Airport,
49,松本空港,RJAF,MMJ,地方管理空港,長野県,36.166801,137.923004,中規模,1500,False,True,True,Shinshu-Matsumoto Airport,
50,静岡空港,RJNS,FSZ,地方管理空港,静岡県,34.795022,138.190976,大規模,2000,False,True,True,Mount Fuji Shizuoka Airport,
51,神戸空港,RJBE,UKB,地方管理空港,兵庫県,34.632801,135.223999,大規模,2000,False,True,True,Kobe Airport,
52,南紀白浜空港,RJBD,SHM,地方管理空港,和歌山県,33.662201,135.363998,中規模,1500,False,True,True,Nanki Shirahama Airport,
53,鳥取空港,RJOR,TTJ,地方管理空港,鳥取県,35.530058,134.165023,中規模,1500,False,True,True,Tottori Sand Dunes Conan Airport,
54,隠岐空港,RJNO,OKI,地方管理空港,島根県,36.178388,133.323566,離島,1000,True,True,True,Oki Global Geopark Airport,
55,出雲空港,RJOC,IZO,地方管理空港,島根県,35.413601,132.889999,中規模,1500,False,True,True,Izumo Enmusubi Airport,
56,石見空港,RJOW,IWJ,地方管理空港,島根県,34.676399,131.789993,中規模,1500,False,True,True,Iwami Airport,
57,岡山空港,RJOB,OKJ,地方管理空港,岡山県,34.756901,133.854996,大規模,2000,False,True,True,Okayama Momotaro Airport,
58,佐賀空港,RJFS,HSG,地方管理空港,佐賀県,33.1497,130.302002,大規模,2000,False,True,True,Kyushu Saga International Airport,
59,対馬空港,RJDT,TSJ,地方管理空港,長崎県,34.284901,129.330994,離島,1000,True,True,True,Tsushima Airport,
60,小値賀空港,RJDO,,地方管理空港,長崎県,33.1908,129.089996,離島,1000,True,False,False,Ojika Airport,
61,福江空港,RJFE,FUJ,地方管理空港,長崎県,32.666302,128.832993,離島,1000,True,True,True,Fukue Airport,
62,上五島空港,RJDK,,地方管理空港,長崎県,33.013576,129.192363,離島,1000,True,False,False,Kamigoto Airport,
63,壱岐空港,RJDB,IKI,地方管理空港,長崎県,33.749001,129.785004,離島,1000,True,True,True,Iki Airport,
64,種子島空港,RJFG,TNE,地方管理空港,鹿児島県,30.605101,130.990997,離島,1000,True,True,True,New Tanegashima Airport,
65,屋久島空港,RJFC,KUM,地方管理空港,鹿児島県,30.385599,130.658997,離島,1000,True,True,True,Yakushima Airport,
66,奄美空港,RJKA,ASJ,地方管理空港,鹿児島県,28.430599,129.712997,離島,1000,True,True,True,Amami Airport,
67,喜界空港,RJKI,KKX,地方管理空港,鹿児島県,28.321301,129.927994,離島,1000,True,True,True,Kikai Airport,
68,徳之島空港,RJKN,TKN,地方管理空港,鹿児島県,27.836382,128.881356,離島,1000,True,True,True,Tokunoshima Airport,
69,沖永良部空港,RJKB,OKE,地方管理空港,鹿児島県,27.431604,128.705564,離島,1000,True,True,True,Okinoerabu Airport,
70,与論空港,RORY,RNJ,地方管理空港,鹿児島県,27.043847,128.401648,離島,1000,True,True,True,Yoron Airport,
71,粟国空港,RORA,AGJ,地方管理空港,沖縄県,26.592755,127.240335,離島,1000,True,True,True,Aguni Airport,定期便の有無を要確認
72,久米島空港,ROKJ,UEO,地方管理空港,沖縄県,26.363445,126.71384,離島,1000,True,True,True,Kumejima Airport,
73,慶良間空港,ROKR,KJP,地方管理空港,沖縄県,26.168337,127.293423,離島,1000,True,False,False,Kerama Airport,
74,南大東空港,ROMD,MMD,地方管理空港,沖縄県,25.8465,131.263,離島,1000,True,True,True,Minamidaito Airport,
75,北大東空港,RORK,KTD,地方管理空港,沖縄県,25.9447,131.326996,離島,1000,True,True,True,Kitadaito Airport,
76,伊江島空港,RORE,IEJ,地方管理空港,沖縄県,26.722537,127.786801,離島,1000,True,False,False,Iejima Airport,
77,宮古空港,ROMY,MMY,地方管理空港,沖縄県,24.782801,125.294998,離島,1000,True,True,True,Miyako Airport,
78,下地島空港,RORS,SHI,地方管理空港,沖縄県,24.8267,125.144997,離島,1000,True,True,True,Shimojishima Airport,
79,多良間空港,RORT,TRA,地方管理空港,沖縄県,24.653793,124.675453,離島,1000,True,True,True,Tarama Airport,
80,石垣空港,ROIG,ISG,地方管理空港,沖縄県,24.396389,124.245,離島,1000,True,True,True,New Ishigaki Airport,
81,波照間空港,RORH,HTR,地方管理空港,沖縄県,24.059751,123.80558,離島,1000,True,False,False,Hateruma Airport,
82,与那国空港,ROYN,OGN,地方管理空港,沖縄県,24.467298,122.979827,離島,1000,True,True,True,Yonaguni Airport,
83,調布空港,RJTF,,その他の空港,東京都,35.6717,139.528,中規模,1500,False,True,True,Chofu Airport,
84,名古屋空港（小牧）,RJNA,NKM,その他の空港,愛知県,35.255759,136.924095,中規模,1500,False,True,True,Nagoya Airport / JASDF Komaki Air Base,
85,但馬空港,RJBT,TJH,その他の空港,兵庫県,35.512798,134.787003,中規模,1500,False,True,True,Konotori Tajima Airport,
86,岡南空港,RJBK,,その他の空港,岡山県,34.590801,133.932999,小規模,1500,False,False,False,Kohnan Airport,
87,天草空港,RJDA,AXJ,その他の空港,熊本県,32.482498,130.158997,離島,1000,True,True,True,Amakusa Airport,
88,大分県央空港,,,その他の空港,大分県,33.026331,131.505577,小規模,1500,False,False,False,Oita Prefectural (Oitakenou) Airport,
89,八尾空港,RJOY,,その他の空港,大阪府,34.596298,135.602997,中規模,1500,False,False,False,Yao Airport,
90,札幌丘珠空港,RJCO,OKD,共用空港,北海道,43.117447,141.38134,中規模,1500,False,True,True,Sapporo Okadama Airport,
91,千歳空港,RJCJ,,共用空港,北海道,42.794498,141.666,中規模,1500,False,False,False,JASDF Chitose Air Base,新千歳と隣接する自衛隊基地。旅客は新千歳を利用
92,三沢空港,RJSM,MSJ,共用空港,青森県,40.703201,141.367996,中規模,1500,False,True,True,Misawa Airport / Misawa Air Base,
93,茨城空港（百里）,RJAH,IBR,共用空港,茨城県,36.181456,140.414434,大規模,2000,False,True,True,Ibaraki Airport,
94,小松空港,RJNK,KMQ,共用空港,石川県,36.393407,136.406895,大規模,2000,False,True,True,Komatsu Airport / JASDF Komatsu Air Base,
95,米子空港（美保）,RJOH,YGJ,共用空港,鳥取県,35.492199,133.235992,中規模,1500,False,True,True,Yonago Kitaro Airport / JASDF Miho Air Base,
96,岩国空港,RJOI,IWK,共用空港,山口県,34.146333,132.247238,中規模,1500,False,True,True,Iwakuni Kintaikyo Airport,
97,徳島空港,RJOS,TKS,共用空港,徳島県,34.132559,134.607816,大規模,2000,False,True,True,Tokushima Awaodori Airport / JMSDF Tokushima Air Base,
